{
  "project_info": {
    "project_number": "855430329514",
    "firebase_url": "https://motorvehicle-b0b25-default-rtdb.firebaseio.com",
    "project_id": "motorvehicle-b0b25",
    "storage_bucket": "motorvehicle-b0b25.appspot.com"
  },
  "client": [
    {
      "client_info": {
        "mobilesdk_app_id": "1:855430329514:android:726ed71da99feaf09a0cd3",
        "android_client_info": {
          "package_name": "com.example.carfinance"
        }
      },
      "oauth_client": [
        {
          "client_id": "855430329514-a91dii69jtch3ekj1mdfdqp6lhts9c55.apps.googleusercontent.com",
          "client_type": 3
        }
      ],
      "api_key": [
        {
          "current_key": "AIzaSyDwCHNsj_ER4IEMUihDD7_S0SX2LHWYQGQ"
        }
      ],
      "services": {
        "appinvite_service": {
          "other_platform_oauth_client": [
            {
              "client_id": "855430329514-a91dii69jtch3ekj1mdfdqp6lhts9c55.apps.googleusercontent.com",
              "client_type": 3
            }
          ]
        }
      }
    }
  ],
  "configuration_version": "1"
}